[
{
    "model": "auth.permission",
    "pk": 1,
    "fields": {
        "name": "Can add log entry",
        "content_type": 1,
        "codename": "add_logentry"
    }
},
{
    "model": "auth.permission",
    "pk": 2,
    "fields": {
        "name": "Can change log entry",
        "content_type": 1,
        "codename": "change_logentry"
    }
},
{
    "model": "auth.permission",
    "pk": 3,
    "fields": {
        "name": "Can delete log entry",
        "content_type": 1,
        "codename": "delete_logentry"
    }
},
{
    "model": "auth.permission",
    "pk": 4,
    "fields": {
        "name": "Can view log entry",
        "content_type": 1,
        "codename": "view_logentry"
    }
},
{
    "model": "auth.permission",
    "pk": 5,
    "fields": {
        "name": "Can add permission",
        "content_type": 2,
        "codename": "add_permission"
    }
},
{
    "model": "auth.permission",
    "pk": 6,
    "fields": {
        "name": "Can change permission",
        "content_type": 2,
        "codename": "change_permission"
    }
},
{
    "model": "auth.permission",
    "pk": 7,
    "fields": {
        "name": "Can delete permission",
        "content_type": 2,
        "codename": "delete_permission"
    }
},
{
    "model": "auth.permission",
    "pk": 8,
    "fields": {
        "name": "Can view permission",
        "content_type": 2,
        "codename": "view_permission"
    }
},
{
    "model": "auth.permission",
    "pk": 9,
    "fields": {
        "name": "Can add group",
        "content_type": 3,
        "codename": "add_group"
    }
},
{
    "model": "auth.permission",
    "pk": 10,
    "fields": {
        "name": "Can change group",
        "content_type": 3,
        "codename": "change_group"
    }
},
{
    "model": "auth.permission",
    "pk": 11,
    "fields": {
        "name": "Can delete group",
        "content_type": 3,
        "codename": "delete_group"
    }
},
{
    "model": "auth.permission",
    "pk": 12,
    "fields": {
        "name": "Can view group",
        "content_type": 3,
        "codename": "view_group"
    }
},
{
    "model": "auth.permission",
    "pk": 13,
    "fields": {
        "name": "Can add content type",
        "content_type": 4,
        "codename": "add_contenttype"
    }
},
{
    "model": "auth.permission",
    "pk": 14,
    "fields": {
        "name": "Can change content type",
        "content_type": 4,
        "codename": "change_contenttype"
    }
},
{
    "model": "auth.permission",
    "pk": 15,
    "fields": {
        "name": "Can delete content type",
        "content_type": 4,
        "codename": "delete_contenttype"
    }
},
{
    "model": "auth.permission",
    "pk": 16,
    "fields": {
        "name": "Can view content type",
        "content_type": 4,
        "codename": "view_contenttype"
    }
},
{
    "model": "auth.permission",
    "pk": 17,
    "fields": {
        "name": "Can add session",
        "content_type": 5,
        "codename": "add_session"
    }
},
{
    "model": "auth.permission",
    "pk": 18,
    "fields": {
        "name": "Can change session",
        "content_type": 5,
        "codename": "change_session"
    }
},
{
    "model": "auth.permission",
    "pk": 19,
    "fields": {
        "name": "Can delete session",
        "content_type": 5,
        "codename": "delete_session"
    }
},
{
    "model": "auth.permission",
    "pk": 20,
    "fields": {
        "name": "Can view session",
        "content_type": 5,
        "codename": "view_session"
    }
},
{
    "model": "auth.permission",
    "pk": 21,
    "fields": {
        "name": "Can add user",
        "content_type": 6,
        "codename": "add_user"
    }
},
{
    "model": "auth.permission",
    "pk": 22,
    "fields": {
        "name": "Can change user",
        "content_type": 6,
        "codename": "change_user"
    }
},
{
    "model": "auth.permission",
    "pk": 23,
    "fields": {
        "name": "Can delete user",
        "content_type": 6,
        "codename": "delete_user"
    }
},
{
    "model": "auth.permission",
    "pk": 24,
    "fields": {
        "name": "Can view user",
        "content_type": 6,
        "codename": "view_user"
    }
},
{
    "model": "auth.permission",
    "pk": 25,
    "fields": {
        "name": "Can add user settings",
        "content_type": 7,
        "codename": "add_usersettings"
    }
},
{
    "model": "auth.permission",
    "pk": 26,
    "fields": {
        "name": "Can change user settings",
        "content_type": 7,
        "codename": "change_usersettings"
    }
},
{
    "model": "auth.permission",
    "pk": 27,
    "fields": {
        "name": "Can delete user settings",
        "content_type": 7,
        "codename": "delete_usersettings"
    }
},
{
    "model": "auth.permission",
    "pk": 28,
    "fields": {
        "name": "Can view user settings",
        "content_type": 7,
        "codename": "view_usersettings"
    }
},
{
    "model": "auth.permission",
    "pk": 29,
    "fields": {
        "name": "Can add voting",
        "content_type": 8,
        "codename": "add_voting"
    }
},
{
    "model": "auth.permission",
    "pk": 30,
    "fields": {
        "name": "Can change voting",
        "content_type": 8,
        "codename": "change_voting"
    }
},
{
    "model": "auth.permission",
    "pk": 31,
    "fields": {
        "name": "Can delete voting",
        "content_type": 8,
        "codename": "delete_voting"
    }
},
{
    "model": "auth.permission",
    "pk": 32,
    "fields": {
        "name": "Can view voting",
        "content_type": 8,
        "codename": "view_voting"
    }
},
{
    "model": "auth.permission",
    "pk": 33,
    "fields": {
        "name": "Can add vote variant",
        "content_type": 9,
        "codename": "add_votevariant"
    }
},
{
    "model": "auth.permission",
    "pk": 34,
    "fields": {
        "name": "Can change vote variant",
        "content_type": 9,
        "codename": "change_votevariant"
    }
},
{
    "model": "auth.permission",
    "pk": 35,
    "fields": {
        "name": "Can delete vote variant",
        "content_type": 9,
        "codename": "delete_votevariant"
    }
},
{
    "model": "auth.permission",
    "pk": 36,
    "fields": {
        "name": "Can view vote variant",
        "content_type": 9,
        "codename": "view_votevariant"
    }
},
{
    "model": "auth.permission",
    "pk": 37,
    "fields": {
        "name": "Can add vote fact",
        "content_type": 10,
        "codename": "add_votefact"
    }
},
{
    "model": "auth.permission",
    "pk": 38,
    "fields": {
        "name": "Can change vote fact",
        "content_type": 10,
        "codename": "change_votefact"
    }
},
{
    "model": "auth.permission",
    "pk": 39,
    "fields": {
        "name": "Can delete vote fact",
        "content_type": 10,
        "codename": "delete_votefact"
    }
},
{
    "model": "auth.permission",
    "pk": 40,
    "fields": {
        "name": "Can view vote fact",
        "content_type": 10,
        "codename": "view_votefact"
    }
},
{
    "model": "auth.permission",
    "pk": 41,
    "fields": {
        "name": "Can add complaint",
        "content_type": 11,
        "codename": "add_complaint"
    }
},
{
    "model": "auth.permission",
    "pk": 42,
    "fields": {
        "name": "Can change complaint",
        "content_type": 11,
        "codename": "change_complaint"
    }
},
{
    "model": "auth.permission",
    "pk": 43,
    "fields": {
        "name": "Can delete complaint",
        "content_type": 11,
        "codename": "delete_complaint"
    }
},
{
    "model": "auth.permission",
    "pk": 44,
    "fields": {
        "name": "Can view complaint",
        "content_type": 11,
        "codename": "view_complaint"
    }
},
{
    "model": "auth.permission",
    "pk": 45,
    "fields": {
        "name": "Can add vote fact variant",
        "content_type": 12,
        "codename": "add_votefactvariant"
    }
},
{
    "model": "auth.permission",
    "pk": 46,
    "fields": {
        "name": "Can change vote fact variant",
        "content_type": 12,
        "codename": "change_votefactvariant"
    }
},
{
    "model": "auth.permission",
    "pk": 47,
    "fields": {
        "name": "Can delete vote fact variant",
        "content_type": 12,
        "codename": "delete_votefactvariant"
    }
},
{
    "model": "auth.permission",
    "pk": 48,
    "fields": {
        "name": "Can view vote fact variant",
        "content_type": 12,
        "codename": "view_votefactvariant"
    }
},
{
    "model": "contenttypes.contenttype",
    "pk": 1,
    "fields": {
        "app_label": "admin",
        "model": "logentry"
    }
},
{
    "model": "contenttypes.contenttype",
    "pk": 2,
    "fields": {
        "app_label": "auth",
        "model": "permission"
    }
},
{
    "model": "contenttypes.contenttype",
    "pk": 3,
    "fields": {
        "app_label": "auth",
        "model": "group"
    }
},
{
    "model": "contenttypes.contenttype",
    "pk": 4,
    "fields": {
        "app_label": "contenttypes",
        "model": "contenttype"
    }
},
{
    "model": "contenttypes.contenttype",
    "pk": 5,
    "fields": {
        "app_label": "sessions",
        "model": "session"
    }
},
{
    "model": "contenttypes.contenttype",
    "pk": 6,
    "fields": {
        "app_label": "main",
        "model": "user"
    }
},
{
    "model": "contenttypes.contenttype",
    "pk": 7,
    "fields": {
        "app_label": "main",
        "model": "usersettings"
    }
},
{
    "model": "contenttypes.contenttype",
    "pk": 8,
    "fields": {
        "app_label": "main",
        "model": "voting"
    }
},
{
    "model": "contenttypes.contenttype",
    "pk": 9,
    "fields": {
        "app_label": "main",
        "model": "votevariant"
    }
},
{
    "model": "contenttypes.contenttype",
    "pk": 10,
    "fields": {
        "app_label": "main",
        "model": "votefact"
    }
},
{
    "model": "contenttypes.contenttype",
    "pk": 11,
    "fields": {
        "app_label": "main",
        "model": "complaint"
    }
},
{
    "model": "contenttypes.contenttype",
    "pk": 12,
    "fields": {
        "app_label": "main",
        "model": "votefactvariant"
    }
},
{
    "model": "sessions.session",
    "pk": "53uvpzujq91qeaysad5j3151wmxdel0j",
    "fields": {
        "session_data": ".eJxVjDsOwjAQBe_iGlnrHxtT0nMGa-21cQA5UpxUiLuTSCmgnZn33iLQutSw9jyHkcVFGHH6ZZHSM7dd8IPafZJpass8Rrkn8rBd3ibOr-vR_h1U6nVb--I0MoDSDFYZ8mjBJmKDPIDz8VxMVNbi4FVRWDRz3lCJjhx6SFl8vsABN3Y:1nFDLc:kXsa3HXn48HVCWrBVlgB-DfFEjKwAB9Sdzdkhrp7h-c",
        "expire_date": "2022-02-16T10:58:48.873Z"
    }
},
{
    "model": "sessions.session",
    "pk": "9xq13vbd49x7tha5t4bv3zm23t0cyebj",
    "fields": {
        "session_data": ".eJxVjMEOwiAQRP-FsyHbBQQ8evcbyAKLVA1NSnsy_rtt0oOeJpn3Zt4i0LrUsHaew5jFRaA4_XaR0pPbDvKD2n2SaWrLPEa5K_KgXd6mzK_r4f4dVOp1W1tIbMGXQcXBMVljESAbOGcVMRmdCLYA76wFVqDRFyyA2jAROeXE5wvEXjb7:1nA7NE:nRbYY_0PtF67ZfblsQYGHGu8k2CjcM3iX7bTfFzbcC8",
        "expire_date": "2022-02-02T09:35:24.545Z"
    }
},
{
    "model": "main.user",
    "pk": 1,
    "fields": {
        "password": "pbkdf2_sha256$320000$gMs0MGNubcQ34SfXVsbQYT$dJozuuM9bBNpwdOg6pUVSuPFfoVJuKqnJuO+eYaJ0HU=",
        "last_login": "2021-12-22T11:09:44.987Z",
        "is_superuser": true,
        "username": "Dmitriy Chizhikov",
        "first_name": "",
        "last_name": "",
        "email": "dimm0909@gmail.com",
        "is_staff": true,
        "is_active": true,
        "date_joined": "2021-12-15T15:19:46.075Z",
        "status": "",
        "groups": [],
        "user_permissions": []
    }
},
{
    "model": "main.user",
    "pk": 2,
    "fields": {
        "password": "pbkdf2_sha256$320000$zs7AT0Ks2TMJLXFjoXtIT8$xW7gAUBungH+GpZzOeSEpDSxtbfcixFLC4Z5wHDjUzM=",
        "last_login": "2022-02-02T10:06:30.464Z",
        "is_superuser": true,
        "username": "vasya",
        "first_name": "",
        "last_name": "",
        "email": "1@abc.net",
        "is_staff": true,
        "is_active": true,
        "date_joined": "2021-12-22T11:52:35.808Z",
        "status": "",
        "groups": [],
        "user_permissions": []
    }
},
{
    "model": "main.user",
    "pk": 3,
    "fields": {
        "password": "pbkdf2_sha256$320000$lLjivHkWF7DZV67HcwWAIr$Cc2GlT2hAu+0z67Zqln3E/dVcMRfpxoeGkzDlfg8YCc=",
        "last_login": "2022-02-02T10:58:48.870Z",
        "is_superuser": false,
        "username": "vasya1",
        "first_name": "",
        "last_name": "",
        "email": "2@abc.net",
        "is_staff": false,
        "is_active": true,
        "date_joined": "2022-02-02T10:58:48.434Z",
        "status": "",
        "groups": [],
        "user_permissions": []
    }
},
{
    "model": "main.voting",
    "pk": 11,
    "fields": {
        "author": 2,
        "type": 3,
        "name": "Новое Голосование 1",
        "description": "Описание 1",
        "published": true
    }
},
{
    "model": "main.voting",
    "pk": 12,
    "fields": {
        "author": 2,
        "type": 1,
        "name": "Новое Голосование 2",
        "description": "Описание 2",
        "published": true
    }
},
{
    "model": "main.voting",
    "pk": 13,
    "fields": {
        "author": 2,
        "type": 2,
        "name": "Новое Голосование 3",
        "description": "Описание 3",
        "published": true
    }
},
{
    "model": "main.voting",
    "pk": 14,
    "fields": {
        "author": 2,
        "type": 3,
        "name": "Новое Голосование 4",
        "description": "Описание 4",
        "published": true
    }
},
{
    "model": "main.voting",
    "pk": 15,
    "fields": {
        "author": 2,
        "type": 1,
        "name": "Новое Голосование 5",
        "description": "Описание 5",
        "published": true
    }
},
{
    "model": "main.voting",
    "pk": 16,
    "fields": {
        "author": 2,
        "type": 2,
        "name": "Новое Голосование 6",
        "description": "Описание 6",
        "published": true
    }
},
{
    "model": "main.voting",
    "pk": 17,
    "fields": {
        "author": 3,
        "type": 2,
        "name": "Новое Голосование Для Второго Пользователя",
        "description": "sth",
        "published": true
    }
},
{
    "model": "main.voting",
    "pk": 18,
    "fields": {
        "author": 3,
        "type": 1,
        "name": "Нормальное голосование №1",
        "description": "О каких двух городах говориться в книге Чарльза Диккенса \"Повесть о двух городах\"?",
        "published": true
    }
},
{
    "model": "main.voting",
    "pk": 19,
    "fields": {
        "author": 3,
        "type": 1,
        "name": "Нормальное голосование №2",
        "description": "В каком году умер А. С. Пушкин?",
        "published": true
    }
},
{
    "model": "main.voting",
    "pk": 20,
    "fields": {
        "author": 3,
        "type": 2,
        "name": "Нормальное голосование №3",
        "description": "За какие клубы в своей карьере играл Лев Иванович Яшин?",
        "published": true
    }
},
{
    "model": "main.votevariant",
    "pk": 22,
    "fields": {
        "voting": 11,
        "description": "Вариант 1"
    }
},
{
    "model": "main.votevariant",
    "pk": 23,
    "fields": {
        "voting": 11,
        "description": "Вариант 2"
    }
},
{
    "model": "main.votevariant",
    "pk": 24,
    "fields": {
        "voting": 12,
        "description": "Вариант 1"
    }
},
{
    "model": "main.votevariant",
    "pk": 25,
    "fields": {
        "voting": 12,
        "description": "Вариант 2"
    }
},
{
    "model": "main.votevariant",
    "pk": 26,
    "fields": {
        "voting": 13,
        "description": "Вариант 1"
    }
},
{
    "model": "main.votevariant",
    "pk": 27,
    "fields": {
        "voting": 13,
        "description": "Вариант 2"
    }
},
{
    "model": "main.votevariant",
    "pk": 28,
    "fields": {
        "voting": 12,
        "description": "Вариант 3"
    }
},
{
    "model": "main.votevariant",
    "pk": 29,
    "fields": {
        "voting": 13,
        "description": "Вариант 3"
    }
},
{
    "model": "main.votevariant",
    "pk": 30,
    "fields": {
        "voting": 14,
        "description": "Вариант 1"
    }
},
{
    "model": "main.votevariant",
    "pk": 31,
    "fields": {
        "voting": 14,
        "description": "Вариант 2"
    }
},
{
    "model": "main.votevariant",
    "pk": 32,
    "fields": {
        "voting": 15,
        "description": "Вариант 1"
    }
},
{
    "model": "main.votevariant",
    "pk": 33,
    "fields": {
        "voting": 15,
        "description": "Вариант 2"
    }
},
{
    "model": "main.votevariant",
    "pk": 34,
    "fields": {
        "voting": 15,
        "description": "Вариант 3"
    }
},
{
    "model": "main.votevariant",
    "pk": 35,
    "fields": {
        "voting": 16,
        "description": "Вариант 1"
    }
},
{
    "model": "main.votevariant",
    "pk": 36,
    "fields": {
        "voting": 16,
        "description": "Вариант 2"
    }
},
{
    "model": "main.votevariant",
    "pk": 37,
    "fields": {
        "voting": 16,
        "description": "Вариант 3"
    }
},
{
    "model": "main.votevariant",
    "pk": 42,
    "fields": {
        "voting": 17,
        "description": "1"
    }
},
{
    "model": "main.votevariant",
    "pk": 43,
    "fields": {
        "voting": 17,
        "description": "2"
    }
},
{
    "model": "main.votevariant",
    "pk": 44,
    "fields": {
        "voting": 17,
        "description": "3"
    }
},
{
    "model": "main.votevariant",
    "pk": 45,
    "fields": {
        "voting": 17,
        "description": "4"
    }
},
{
    "model": "main.votevariant",
    "pk": 46,
    "fields": {
        "voting": 18,
        "description": "Москва и Петербург"
    }
},
{
    "model": "main.votevariant",
    "pk": 47,
    "fields": {
        "voting": 18,
        "description": "Лондон и Париж"
    }
},
{
    "model": "main.votevariant",
    "pk": 48,
    "fields": {
        "voting": 18,
        "description": "Лондон и Вашингтон"
    }
},
{
    "model": "main.votevariant",
    "pk": 49,
    "fields": {
        "voting": 18,
        "description": "Мадрид и Рим"
    }
},
{
    "model": "main.votevariant",
    "pk": 50,
    "fields": {
        "voting": 18,
        "description": "Рим и Париж"
    }
},
{
    "model": "main.votevariant",
    "pk": 55,
    "fields": {
        "voting": 20,
        "description": "Спартак"
    }
},
{
    "model": "main.votevariant",
    "pk": 56,
    "fields": {
        "voting": 20,
        "description": "Зенит"
    }
},
{
    "model": "main.votevariant",
    "pk": 57,
    "fields": {
        "voting": 20,
        "description": "Динамо"
    }
},
{
    "model": "main.votevariant",
    "pk": 58,
    "fields": {
        "voting": 20,
        "description": "ЦСКА"
    }
},
{
    "model": "main.votevariant",
    "pk": 60,
    "fields": {
        "voting": 19,
        "description": "1837"
    }
},
{
    "model": "main.votevariant",
    "pk": 61,
    "fields": {
        "voting": 19,
        "description": "1839"
    }
},
{
    "model": "main.votefact",
    "pk": 14,
    "fields": {
        "user": 2,
        "created_at": "2022-02-02T10:57:28.820Z"
    }
},
{
    "model": "main.votefact",
    "pk": 15,
    "fields": {
        "user": 2,
        "created_at": "2022-02-02T10:57:36.926Z"
    }
},
{
    "model": "main.votefact",
    "pk": 16,
    "fields": {
        "user": 2,
        "created_at": "2022-02-02T10:57:43.524Z"
    }
},
{
    "model": "main.votefactvariant",
    "pk": 6,
    "fields": {
        "fact": 14,
        "variant": 35
    }
},
{
    "model": "main.votefactvariant",
    "pk": 7,
    "fields": {
        "fact": 14,
        "variant": 36
    }
},
{
    "model": "main.votefactvariant",
    "pk": 8,
    "fields": {
        "fact": 14,
        "variant": 37
    }
},
{
    "model": "main.votefactvariant",
    "pk": 9,
    "fields": {
        "fact": 15,
        "variant": 33
    }
},
{
    "model": "main.votefactvariant",
    "pk": 10,
    "fields": {
        "fact": 16,
        "variant": 30
    }
}
]
